package_id,street,city,state,zip,deadline,weight,special_notes,truck
1,195 W Oakland Ave,Salt Lake City,UT,84115,10:30,21,,1
2,2530 S 500 E,Salt Lake City,UT,84106,17:00,44,,3
3,233 Canyon Rd,Salt Lake City,UT,84103,17:00,2,truck 2,2
4,380 W 2880 S,Salt Lake City,UT,84115,17:00,4,,3
5,410 S State St,Salt Lake City,UT,84111,17:00,5,,3
6,3060 Lester St,West Valley City,UT,84119,10:30,88,9:05 arrival - delay,2
7,1330 2100 S,Salt Lake City,UT,84106,17:00,8,,3
8,300 State St,Salt Lake City,UT,84103,17:00,9,,3
9,300 State St,Salt Lake City,UT,84103,17:00,2,Wrong address,3
10,600 E 900 South,Salt Lake City,UT,84105,17:00,1,,3
11,2600 Taylorsville Blvd,Salt Lake City,UT,84118,17:00,1,,3
12,3575 W Valley Central Station bus Loop,West Valley City,UT,84119,17:00,1,,3
13,2010 W 500 S,Salt Lake City,UT,84104,10:30,2,,1
14,4300 S 1300 E,Millcreek,UT,84117,10:30,88,15-19 deliveries,1
15,4580 S 2300 E,Holladay,UT,84117,9:00,4,,1
16,4580 S 2300 E,Holladay,UT,84117,10:30,88,13-19 deliveries,1
17,3148 S 1100 W,Salt Lake City,UT,84119,17:00,2,,2
18,1488 4800 S,Salt Lake City,UT,84123,17:00,6,truck 2,2
19,177 W Price Ave,Salt Lake City,UT,84115,17:00,37,,1
20,3595 Main St,Salt Lake City,UT,84115,10:30,37,13-15 deliveries,1
21,3595 Main St,Salt Lake City,UT,84115,17:00,3,,2
22,6351 South 900 East,Murray,UT,84121,17:00,2,,2
23,5100 South 2700 West,Salt Lake City,UT,84118,17:00,5,,2
24,5025 State St,Murray,UT,84107,17:00,7,,2
25,5383 S 900 East #104,Salt Lake City,UT,84117,10:30,7,9:05 arrival - delay,2
26,5383 S 900 East #104,Salt Lake City,UT,84117,17:00,25,,2
27,1060 Dalton Ave S,Salt Lake City,UT,84104,17:00,5,,2
28,2835 Main St,Salt Lake City,UT,84115,17:00,7,9:05 arrival - delay,2
29,1330 2100 S,Salt Lake City,UT,84106,10:30,2,,1
30,300 State St,Salt Lake City,UT,84103,10:30,1,,1
31,3365 S 900 W,Salt Lake City,UT,84119,10:30,1,,1
32,3365 S 900 W,Salt Lake City,UT,84119,17:00,1,9:05 arrival - delay,2
33,2530 S 500 E,Salt Lake City,UT,84106,17:00,1,,2
34,4580 S 2300 E,Holladay,UT,84117,10:30,2,,1
35,1060 Dalton Ave S,Salt Lake City,UT,84104,17:00,88,,2
36,2300 Parkway Blvd,West Valley City,UT,84119,17:00,88,truck 2,2
37,410 S State St,Salt Lake City,UT,84111,10:30,2,,1
38,410 S State St,Salt Lake City,UT,84111,17:00,9,truck 2,2
39,2010 W 500 S,Salt Lake City,UT,84104,17:00,9,,2
40,380 W 2880 S,Salt Lake City,UT,84115,10:30,45,,1
